label,name,cluster_annotation_term_set_label,parent_term_label,parent_term_set_label,term_set_order,term_order,cluster_annotation_term_set_name,color_hex_triplet,node,parent_term_name,parent_color_hex_triplet
CS20230722_SUBC_001,001 CLA-EPd-CTX Car3 Glut,CCN20230722_SUBC,CS20230722_CLAS_01,CCN20230722_CLAS,2,0,subclass,#64c2fc,1,01 IT-ET Glut,#FA0087
CS20230722_SUBC_002,002 IT EP-CLA Glut,CCN20230722_SUBC,CS20230722_CLAS_01,CCN20230722_CLAS,2,1,subclass,#1F665D,2,01 IT-ET Glut,#FA0087
CS20230722_SUBC_003,003 L5/6 IT TPE-ENT Glut,CCN20230722_SUBC,CS20230722_CLAS_01,CCN20230722_CLAS,2,2,subclass,#C400FF,3,01 IT-ET Glut,#FA0087
CS20230722_SUBC_004,004 L6 IT CTX Glut,CCN20230722_SUBC,CS20230722_CLAS_01,CCN20230722_CLAS,2,3,subclass,#C0FF4D,4,01 IT-ET Glut,#FA0087
CS20230722_SUBC_005,005 L5 IT CTX Glut,CCN20230722_SUBC,CS20230722_CLAS_01,CCN20230722_CLAS,2,4,subclass,#660F38,5,01 IT-ET Glut,#FA0087
CS20230722_SUBC_006,006 L4/5 IT CTX Glut,CCN20230722_SUBC,CS20230722_CLAS_01,CCN20230722_CLAS,2,5,subclass,#3DCCB7,6,01 IT-ET Glut,#FA0087
CS20230722_SUBC_007,007 L2/3 IT CTX Glut,CCN20230722_SUBC,CS20230722_CLAS_01,CCN20230722_CLAS,2,6,subclass,#E9530F,7,01 IT-ET Glut,#FA0087
CS20230722_SUBC_008,008 L2/3 IT ENT Glut,CCN20230722_SUBC,CS20230722_CLAS_01,CCN20230722_CLAS,2,7,subclass,#1F46CC,8,01 IT-ET Glut,#FA0087
CS20230722_SUBC_009,009 L2/3 IT PIR-ENTl Glut,CCN20230722_SUBC,CS20230722_CLAS_01,CCN20230722_CLAS,2,8,subclass,#940099,9,01 IT-ET Glut,#FA0087
CS20230722_SUBC_010,010 IT AON-TT-DP Glut,CCN20230722_SUBC,CS20230722_CLAS_01,CCN20230722_CLAS,2,9,subclass,#FF004B,10,01 IT-ET Glut,#FA0087
CS20230722_SUBC_011,011 L2 IT ENT-po Glut,CCN20230722_SUBC,CS20230722_CLAS_01,CCN20230722_CLAS,2,10,subclass,#00FFC4,11,01 IT-ET Glut,#FA0087
CS20230722_SUBC_012,012 MEA Slc17a7 Glut,CCN20230722_SUBC,CS20230722_CLAS_01,CCN20230722_CLAS,2,11,subclass,#456C99,12,01 IT-ET Glut,#FA0087
CS20230722_SUBC_013,013 COAp Grxcr2 Glut,CCN20230722_SUBC,CS20230722_CLAS_01,CCN20230722_CLAS,2,12,subclass,#61CC5C,13,01 IT-ET Glut,#FA0087
CS20230722_SUBC_014,014 LA-BLA-BMA-PA Glut,CCN20230722_SUBC,CS20230722_CLAS_01,CCN20230722_CLAS,2,13,subclass,#BBFF73,14,01 IT-ET Glut,#FA0087
CS20230722_SUBC_015,015 ENTmv-PA-COAp Glut,CCN20230722_SUBC,CS20230722_CLAS_01,CCN20230722_CLAS,2,14,subclass,#B6CC7A,15,01 IT-ET Glut,#FA0087
CS20230722_SUBC_016,016 CA1-ProS Glut,CCN20230722_SUBC,CS20230722_CLAS_01,CCN20230722_CLAS,2,15,subclass,#0F3466,16,01 IT-ET Glut,#FA0087
CS20230722_SUBC_017,017 CA3 Glut,CCN20230722_SUBC,CS20230722_CLAS_01,CCN20230722_CLAS,2,16,subclass,#C973FF,17,01 IT-ET Glut,#FA0087
CS20230722_SUBC_018,018 L2 IT PPP-APr Glut,CCN20230722_SUBC,CS20230722_CLAS_01,CCN20230722_CLAS,2,17,subclass,#0F6632,18,01 IT-ET Glut,#FA0087
CS20230722_SUBC_019,019 L2/3 IT PPP Glut,CCN20230722_SUBC,CS20230722_CLAS_01,CCN20230722_CLAS,2,18,subclass,#925C99,19,01 IT-ET Glut,#FA0087
CS20230722_SUBC_020,020 L2/3 IT RSP Glut,CCN20230722_SUBC,CS20230722_CLAS_01,CCN20230722_CLAS,2,19,subclass,#999145,20,01 IT-ET Glut,#FA0087
CS20230722_SUBC_021,021 L4 RSP-ACA Glut,CCN20230722_SUBC,CS20230722_CLAS_01,CCN20230722_CLAS,2,20,subclass,#FFF226,21,01 IT-ET Glut,#FA0087
CS20230722_SUBC_022,022 L5 ET CTX Glut,CCN20230722_SUBC,CS20230722_CLAS_01,CCN20230722_CLAS,2,21,subclass,#99A2FF,22,01 IT-ET Glut,#FA0087
CS20230722_SUBC_023,023 SUB-ProS Glut,CCN20230722_SUBC,CS20230722_CLAS_01,CCN20230722_CLAS,2,22,subclass,#FF9999,23,01 IT-ET Glut,#FA0087
CS20230722_SUBC_024,024 L5 PPP Glut,CCN20230722_SUBC,CS20230722_CLAS_01,CCN20230722_CLAS,2,23,subclass,#6B995C,24,01 IT-ET Glut,#FA0087
CS20230722_SUBC_025,025 CA2-FC-IG Glut,CCN20230722_SUBC,CS20230722_CLAS_01,CCN20230722_CLAS,2,24,subclass,#FF7391,25,01 IT-ET Glut,#FA0087
CS20230722_SUBC_026,026 NLOT Rho Glut,CCN20230722_SUBC,CS20230722_CLAS_01,CCN20230722_CLAS,2,25,subclass,#FFD573,26,01 IT-ET Glut,#FA0087
CS20230722_SUBC_027,027 L6b EPd Glut,CCN20230722_SUBC,CS20230722_CLAS_02,CCN20230722_CLAS,2,26,subclass,#CC827A,27,02 NP-CT-L6b Glut,#61e2a4
CS20230722_SUBC_028,028 L6b/CT ENT Glut,CCN20230722_SUBC,CS20230722_CLAS_02,CCN20230722_CLAS,2,27,subclass,#CC0098,28,02 NP-CT-L6b Glut,#61e2a4
CS20230722_SUBC_029,029 L6b CTX Glut,CCN20230722_SUBC,CS20230722_CLAS_02,CCN20230722_CLAS,2,28,subclass,#9EFF99,29,02 NP-CT-L6b Glut,#61e2a4
CS20230722_SUBC_030,030 L6 CT CTX Glut,CCN20230722_SUBC,CS20230722_CLAS_02,CCN20230722_CLAS,2,29,subclass,#34661F,30,02 NP-CT-L6b Glut,#61e2a4
CS20230722_SUBC_031,031 CT SUB Glut,CCN20230722_SUBC,CS20230722_CLAS_02,CCN20230722_CLAS,2,30,subclass,#440066,31,02 NP-CT-L6b Glut,#61e2a4
CS20230722_SUBC_032,032 L5 NP CTX Glut,CCN20230722_SUBC,CS20230722_CLAS_02,CCN20230722_CLAS,2,31,subclass,#7B7ACC,32,02 NP-CT-L6b Glut,#61e2a4
CS20230722_SUBC_033,033 NP SUB Glut,CCN20230722_SUBC,CS20230722_CLAS_02,CCN20230722_CLAS,2,32,subclass,#99CAFF,33,02 NP-CT-L6b Glut,#61e2a4
CS20230722_SUBC_034,034 NP PPP Glut,CCN20230722_SUBC,CS20230722_CLAS_02,CCN20230722_CLAS,2,33,subclass,#B8FF26,34,02 NP-CT-L6b Glut,#61e2a4
CS20230722_SUBC_035,035 OB Eomes Ms4a15 Glut,CCN20230722_SUBC,CS20230722_CLAS_03,CCN20230722_CLAS,2,34,subclass,#7F1FCC,35,03 OB-CR Glut,#D00000
CS20230722_SUBC_036,036 HPF CR Glut,CCN20230722_SUBC,CS20230722_CLAS_03,CCN20230722_CLAS,2,35,subclass,#919900,36,03 OB-CR Glut,#D00000
CS20230722_SUBC_037,037 DG Glut,CCN20230722_SUBC,CS20230722_CLAS_04,CCN20230722_CLAS,2,36,subclass,#CC2400,37,04 DG-IMN Glut,#16f2f2
CS20230722_SUBC_038,038 DG-PIR Ex IMN,CCN20230722_SUBC,CS20230722_CLAS_04,CCN20230722_CLAS,2,37,subclass,#3D53CC,38,04 DG-IMN Glut,#16f2f2
CS20230722_SUBC_039,039 OB Meis2 Thsd7b Gaba,CCN20230722_SUBC,CS20230722_CLAS_05,CCN20230722_CLAS,2,38,subclass,#FF99F7,39,05 OB-IMN GABA,#1b4332
CS20230722_SUBC_040,040 OB Trdn Gaba,CCN20230722_SUBC,CS20230722_CLAS_05,CCN20230722_CLAS,2,39,subclass,#684599,40,05 OB-IMN GABA,#1b4332
CS20230722_SUBC_041,041 OB-in Frmd7 Gaba,CCN20230722_SUBC,CS20230722_CLAS_05,CCN20230722_CLAS,2,40,subclass,#FF0073,41,05 OB-IMN GABA,#1b4332
CS20230722_SUBC_042,042 OB-out Frmd7 Gaba,CCN20230722_SUBC,CS20230722_CLAS_05,CCN20230722_CLAS,2,41,subclass,#CC6D3D,42,05 OB-IMN GABA,#1b4332
CS20230722_SUBC_043,043 OB-mi Frmd7 Gaba,CCN20230722_SUBC,CS20230722_CLAS_05,CCN20230722_CLAS,2,42,subclass,#FF99A7,43,05 OB-IMN GABA,#1b4332
CS20230722_SUBC_044,044 OB Dopa-Gaba,CCN20230722_SUBC,CS20230722_CLAS_05,CCN20230722_CLAS,2,43,subclass,#96CC7A,44,05 OB-IMN GABA,#1b4332
CS20230722_SUBC_045,045 OB-STR-CTX Inh IMN,CCN20230722_SUBC,CS20230722_CLAS_05,CCN20230722_CLAS,2,44,subclass,#819945,45,05 OB-IMN GABA,#1b4332
CS20230722_SUBC_046,046 Vip Gaba,CCN20230722_SUBC,CS20230722_CLAS_06,CCN20230722_CLAS,2,45,subclass,#663D47,46,06 CTX-CGE GABA,#CCFF33
CS20230722_SUBC_047,047 Sncg Gaba,CCN20230722_SUBC,CS20230722_CLAS_06,CCN20230722_CLAS,2,46,subclass,#FFE999,47,06 CTX-CGE GABA,#CCFF33
CS20230722_SUBC_048,048 RHP-COA Ndnf Gaba,CCN20230722_SUBC,CS20230722_CLAS_06,CCN20230722_CLAS,2,47,subclass,#0003FF,48,06 CTX-CGE GABA,#CCFF33
CS20230722_SUBC_049,049 Lamp5 Gaba,CCN20230722_SUBC,CS20230722_CLAS_06,CCN20230722_CLAS,2,48,subclass,#FF764D,49,06 CTX-CGE GABA,#CCFF33
CS20230722_SUBC_050,050 Lamp5 Lhx6 Gaba,CCN20230722_SUBC,CS20230722_CLAS_07,CCN20230722_CLAS,2,49,subclass,#26FF3E,50,07 CTX-MGE GABA,#f954ee
CS20230722_SUBC_051,051 Pvalb chandelier Gaba,CCN20230722_SUBC,CS20230722_CLAS_07,CCN20230722_CLAS,2,50,subclass,#2F992E,51,07 CTX-MGE GABA,#f954ee
CS20230722_SUBC_052,052 Pvalb Gaba,CCN20230722_SUBC,CS20230722_CLAS_07,CCN20230722_CLAS,2,51,subclass,#661F3B,52,07 CTX-MGE GABA,#f954ee
CS20230722_SUBC_053,053 Sst Gaba,CCN20230722_SUBC,CS20230722_CLAS_07,CCN20230722_CLAS,2,52,subclass,#99F2FF,53,07 CTX-MGE GABA,#f954ee
CS20230722_SUBC_054,054 STR Prox1 Lhx6 Gaba,CCN20230722_SUBC,CS20230722_CLAS_08,CCN20230722_CLAS,2,53,subclass,#c60f3a,54,08 CNU-MGE GABA,#70E000
CS20230722_SUBC_055,055 STR Lhx8 Gaba,CCN20230722_SUBC,CS20230722_CLAS_08,CCN20230722_CLAS,2,54,subclass,#CC3DC9,55,08 CNU-MGE GABA,#70E000
CS20230722_SUBC_056,056 Sst Chodl Gaba,CCN20230722_SUBC,CS20230722_CLAS_08,CCN20230722_CLAS,2,55,subclass,#EDA32D,56,08 CNU-MGE GABA,#70E000
CS20230722_SUBC_057,057 NDB-SI-MA-STRv Lhx8 Gaba,CCN20230722_SUBC,CS20230722_CLAS_08,CCN20230722_CLAS,2,56,subclass,#199900,57,08 CNU-MGE GABA,#70E000
CS20230722_SUBC_058,058 PAL-STR Gaba-Chol,CCN20230722_SUBC,CS20230722_CLAS_08,CCN20230722_CLAS,2,57,subclass,#4DFFFA,58,08 CNU-MGE GABA,#70E000
CS20230722_SUBC_059,059 GPe-SI Sox6 Cyp26b1 Gaba,CCN20230722_SUBC,CS20230722_CLAS_09,CCN20230722_CLAS,2,58,subclass,#5CCC85,59,09 CNU-LGE GABA,#B199FF
CS20230722_SUBC_060,060 OT D3 Folh1 Gaba,CCN20230722_SUBC,CS20230722_CLAS_09,CCN20230722_CLAS,2,59,subclass,#66580F,60,09 CNU-LGE GABA,#B199FF
CS20230722_SUBC_061,061 STR D1 Gaba,CCN20230722_SUBC,CS20230722_CLAS_09,CCN20230722_CLAS,2,60,subclass,#005B66,61,09 CNU-LGE GABA,#B199FF
CS20230722_SUBC_062,062 STR D2 Gaba,CCN20230722_SUBC,CS20230722_CLAS_09,CCN20230722_CLAS,2,61,subclass,#FF7800,62,09 CNU-LGE GABA,#B199FF
CS20230722_SUBC_063,063 STR D1 Sema5a Gaba,CCN20230722_SUBC,CS20230722_CLAS_09,CCN20230722_CLAS,2,62,subclass,#663A2D,63,09 CNU-LGE GABA,#B199FF
CS20230722_SUBC_064,064 STR-PAL Chst9 Gaba,CCN20230722_SUBC,CS20230722_CLAS_09,CCN20230722_CLAS,2,63,subclass,#967B09,64,09 CNU-LGE GABA,#B199FF
CS20230722_SUBC_065,065 IA Mgp Gaba,CCN20230722_SUBC,CS20230722_CLAS_09,CCN20230722_CLAS,2,64,subclass,#00995F,65,09 CNU-LGE GABA,#B199FF
CS20230722_SUBC_066,066 NDB-SI-ant Prdm12 Gaba,CCN20230722_SUBC,CS20230722_CLAS_11,CCN20230722_CLAS,2,65,subclass,#FF00D6,66,11 CNU-HYa GABA,#450099
CS20230722_SUBC_067,067 LSX Sall3 Pax6 Gaba,CCN20230722_SUBC,CS20230722_CLAS_10,CCN20230722_CLAS,2,66,subclass,#006649,67,10 LSX GABA,#3283FE
CS20230722_SUBC_068,068 LSX Otx2 Gaba,CCN20230722_SUBC,CS20230722_CLAS_10,CCN20230722_CLAS,2,67,subclass,#229917,68,10 LSX GABA,#3283FE
CS20230722_SUBC_069,069 LSX Nkx2-1 Gaba,CCN20230722_SUBC,CS20230722_CLAS_10,CCN20230722_CLAS,2,68,subclass,#CCA43D,69,10 LSX GABA,#3283FE
CS20230722_SUBC_070,070 LSX Prdm12 Slit2 Gaba,CCN20230722_SUBC,CS20230722_CLAS_10,CCN20230722_CLAS,2,69,subclass,#0067FF,70,10 LSX GABA,#3283FE
CS20230722_SUBC_071,071 LSX Prdm12 Zeb2 Gaba,CCN20230722_SUBC,CS20230722_CLAS_10,CCN20230722_CLAS,2,70,subclass,#1F6625,71,10 LSX GABA,#3283FE
CS20230722_SUBC_072,072 LSX Sall3 Lmo1 Gaba,CCN20230722_SUBC,CS20230722_CLAS_10,CCN20230722_CLAS,2,71,subclass,#00FFD0,72,10 LSX GABA,#3283FE
CS20230722_SUBC_073,073 MEA-BST Sox6 Gaba,CCN20230722_SUBC,CS20230722_CLAS_11,CCN20230722_CLAS,2,72,subclass,#66360F,73,11 CNU-HYa GABA,#450099
CS20230722_SUBC_074,074 MEA-BST Lhx6 Sp9 Gaba,CCN20230722_SUBC,CS20230722_CLAS_11,CCN20230722_CLAS,2,73,subclass,#FCFF4D,74,11 CNU-HYa GABA,#450099
CS20230722_SUBC_075,075 MEA-BST Lhx6 Nr2e1 Gaba,CCN20230722_SUBC,CS20230722_CLAS_11,CCN20230722_CLAS,2,74,subclass,#995C70,75,11 CNU-HYa GABA,#450099
CS20230722_SUBC_076,076 MEA-BST Lhx6 Nfib Gaba,CCN20230722_SUBC,CS20230722_CLAS_11,CCN20230722_CLAS,2,75,subclass,#990063,76,11 CNU-HYa GABA,#450099
CS20230722_SUBC_077,077 CEA-BST Gal Avp Gaba,CCN20230722_SUBC,CS20230722_CLAS_11,CCN20230722_CLAS,2,76,subclass,#2E6637,77,11 CNU-HYa GABA,#450099
CS20230722_SUBC_078,078 SI-MA-ACB Ebf1 Bnc2 Gaba,CCN20230722_SUBC,CS20230722_CLAS_11,CCN20230722_CLAS,2,77,subclass,#5CBCCC,78,11 CNU-HYa GABA,#450099
CS20230722_SUBC_079,079 CEA-BST Six3 Cyp26b1 Gaba,CCN20230722_SUBC,CS20230722_CLAS_11,CCN20230722_CLAS,2,78,subclass,#73C1FF,79,11 CNU-HYa GABA,#450099
CS20230722_SUBC_080,080 CEA-AAA-BST Six3 Sp9 Gaba,CCN20230722_SUBC,CS20230722_CLAS_11,CCN20230722_CLAS,2,79,subclass,#990091,80,11 CNU-HYa GABA,#450099
CS20230722_SUBC_081,081 ACB-BST-FS D1 Gaba,CCN20230722_SUBC,CS20230722_CLAS_11,CCN20230722_CLAS,2,80,subclass,#FF4026,81,11 CNU-HYa GABA,#450099
CS20230722_SUBC_082,082 CEA-BST Ebf1 Pdyn Gaba,CCN20230722_SUBC,CS20230722_CLAS_11,CCN20230722_CLAS,2,81,subclass,#CC885C,82,11 CNU-HYa GABA,#450099
CS20230722_SUBC_083,083 CEA-BST Rai14 Pdyn Crh Gaba,CCN20230722_SUBC,CS20230722_CLAS_11,CCN20230722_CLAS,2,82,subclass,#CC5E5C,83,11 CNU-HYa GABA,#450099
CS20230722_SUBC_084,084 BST-SI-AAA Six3 Slc22a3 Gaba,CCN20230722_SUBC,CS20230722_CLAS_11,CCN20230722_CLAS,2,83,subclass,#881FCC,84,11 CNU-HYa GABA,#450099
CS20230722_SUBC_085,085 SI-MPO-LPO Lhx8 Gaba,CCN20230722_SUBC,CS20230722_CLAS_11,CCN20230722_CLAS,2,84,subclass,#26FFAD,85,11 CNU-HYa GABA,#450099
CS20230722_SUBC_086,086 MPO-ADP Lhx8 Gaba,CCN20230722_SUBC,CS20230722_CLAS_11,CCN20230722_CLAS,2,85,subclass,#FF004F,86,11 CNU-HYa GABA,#450099
CS20230722_SUBC_087,087 MPN-MPO-LPO Lhx6 Zfhx3 Gaba,CCN20230722_SUBC,CS20230722_CLAS_11,CCN20230722_CLAS,2,86,subclass,#26C2FF,87,11 CNU-HYa GABA,#450099
CS20230722_SUBC_088,088 BST Tac2 Gaba,CCN20230722_SUBC,CS20230722_CLAS_11,CCN20230722_CLAS,2,87,subclass,#71FF4D,88,11 CNU-HYa GABA,#450099
CS20230722_SUBC_089,089 PVR Six3 Sox3 Gaba,CCN20230722_SUBC,CS20230722_CLAS_11,CCN20230722_CLAS,2,88,subclass,#4DFFB4,89,11 CNU-HYa GABA,#450099
CS20230722_SUBC_090,090 BST-MPN Six3 Nrgn Gaba,CCN20230722_SUBC,CS20230722_CLAS_11,CCN20230722_CLAS,2,89,subclass,#996600,90,11 CNU-HYa GABA,#450099
CS20230722_SUBC_091,091 ARH-PVi Six6 Dopa-Gaba,CCN20230722_SUBC,CS20230722_CLAS_12,CCN20230722_CLAS,2,90,subclass,#6000FF,91,12 HY GABA,#FF6600
CS20230722_SUBC_092,092 TMv-PMv Tbx3 Hist-Gaba,CCN20230722_SUBC,CS20230722_CLAS_12,CCN20230722_CLAS,2,91,subclass,#2E664D,92,12 HY GABA,#FF6600
CS20230722_SUBC_093,093 RT-ZI Gnb3 Gaba,CCN20230722_SUBC,CS20230722_CLAS_12,CCN20230722_CLAS,2,92,subclass,#CCB65C,93,12 HY GABA,#FF6600
CS20230722_SUBC_094,094 SCH Six6 Cdc14a Gaba,CCN20230722_SUBC,CS20230722_CLAS_12,CCN20230722_CLAS,2,93,subclass,#FFBC4D,94,12 HY GABA,#FF6600
CS20230722_SUBC_095,095 DMH Prdm13 Gaba,CCN20230722_SUBC,CS20230722_CLAS_12,CCN20230722_CLAS,2,94,subclass,#179972,95,12 HY GABA,#FF6600
CS20230722_SUBC_096,096 PVHd Gsc Gaba,CCN20230722_SUBC,CS20230722_CLAS_12,CCN20230722_CLAS,2,95,subclass,#3B1FCC,96,12 HY GABA,#FF6600
CS20230722_SUBC_097,097 PVHd-SBPV Six3 Prox1 Gaba,CCN20230722_SUBC,CS20230722_CLAS_12,CCN20230722_CLAS,2,96,subclass,#2E3D66,97,12 HY GABA,#FF6600
CS20230722_SUBC_098,098 AHN-SBPV-PVHd Pdrm12 Gaba,CCN20230722_SUBC,CS20230722_CLAS_12,CCN20230722_CLAS,2,97,subclass,#BB7ACC,98,12 HY GABA,#FF6600
CS20230722_SUBC_099,099 SBPV-PVa Six6 Satb2 Gaba,CCN20230722_SUBC,CS20230722_CLAS_12,CCN20230722_CLAS,2,98,subclass,#99FF4D,99,12 HY GABA,#FF6600
CS20230722_SUBC_100,100 AHN Onecut3 Gaba,CCN20230722_SUBC,CS20230722_CLAS_12,CCN20230722_CLAS,2,99,subclass,#553D66,100,12 HY GABA,#FF6600
CS20230722_SUBC_101,101 ZI Pax6 Gaba,CCN20230722_SUBC,CS20230722_CLAS_12,CCN20230722_CLAS,2,100,subclass,#73FFCF,101,12 HY GABA,#FF6600
CS20230722_SUBC_102,102 DMH-LHA Gsx1 Gaba,CCN20230722_SUBC,CS20230722_CLAS_12,CCN20230722_CLAS,2,101,subclass,#992A00,102,12 HY GABA,#FF6600
CS20230722_SUBC_103,103 PVHd-DMH Lhx6 Gaba,CCN20230722_SUBC,CS20230722_CLAS_12,CCN20230722_CLAS,2,102,subclass,#73F8FF,103,12 HY GABA,#FF6600
CS20230722_SUBC_104,104 TU-ARH Otp Six6 Gaba,CCN20230722_SUBC,CS20230722_CLAS_12,CCN20230722_CLAS,2,103,subclass,#2E0F66,104,12 HY GABA,#FF6600
CS20230722_SUBC_105,105 TMd-DMH Foxd2 Gaba,CCN20230722_SUBC,CS20230722_CLAS_12,CCN20230722_CLAS,2,104,subclass,#3DCC9E,105,12 HY GABA,#FF6600
CS20230722_SUBC_106,106 PVpo-VMPO-MPN Hmx2 Gaba,CCN20230722_SUBC,CS20230722_CLAS_12,CCN20230722_CLAS,2,105,subclass,#3D4566,106,12 HY GABA,#FF6600
CS20230722_SUBC_107,107 DMH Hmx2 Gaba,CCN20230722_SUBC,CS20230722_CLAS_12,CCN20230722_CLAS,2,106,subclass,#FFB473,107,12 HY GABA,#FF6600
CS20230722_SUBC_108,108 ARH-PVp Tbx3 Gaba,CCN20230722_SUBC,CS20230722_CLAS_12,CCN20230722_CLAS,2,107,subclass,#CC3D76,108,12 HY GABA,#FF6600
CS20230722_SUBC_109,109 LGv-ZI Otx2 Gaba,CCN20230722_SUBC,CS20230722_CLAS_12,CCN20230722_CLAS,2,108,subclass,#664DFF,109,12 HY GABA,#FF6600
CS20230722_SUBC_110,110 BST-po Iigp1 Glut,CCN20230722_SUBC,CS20230722_CLAS_13,CCN20230722_CLAS,2,109,subclass,#973DCC,110,13 CNU-HYa Glut,#90E0EF
CS20230722_SUBC_111,111 TRS-BAC Sln Glut,CCN20230722_SUBC,CS20230722_CLAS_13,CCN20230722_CLAS,2,110,subclass,#500F66,111,13 CNU-HYa Glut,#90E0EF
CS20230722_SUBC_112,112 GPi Tbr1 Cngb3 Gaba-Glut,CCN20230722_SUBC,CS20230722_CLAS_13,CCN20230722_CLAS,2,111,subclass,#008ECC,112,13 CNU-HYa Glut,#90E0EF
CS20230722_SUBC_113,113 MEA-COA-BMA Ccdc42 Glut,CCN20230722_SUBC,CS20230722_CLAS_13,CCN20230722_CLAS,2,112,subclass,#660F5A,113,13 CNU-HYa Glut,#90E0EF
CS20230722_SUBC_114,114 COAa-PAA-MEA Barhl2 Glut,CCN20230722_SUBC,CS20230722_CLAS_13,CCN20230722_CLAS,2,113,subclass,#EDFF99,114,13 CNU-HYa Glut,#90E0EF
CS20230722_SUBC_115,115 MS-SF Bsx Glut,CCN20230722_SUBC,CS20230722_CLAS_13,CCN20230722_CLAS,2,114,subclass,#1F6641,115,13 CNU-HYa Glut,#90E0EF
CS20230722_SUBC_116,116 AVPV-MEPO-SFO Tbr1 Glut,CCN20230722_SUBC,CS20230722_CLAS_13,CCN20230722_CLAS,2,115,subclass,#1100CC,116,13 CNU-HYa Glut,#90E0EF
CS20230722_SUBC_117,117 LHA Barhl2 Glut,CCN20230722_SUBC,CS20230722_CLAS_13,CCN20230722_CLAS,2,116,subclass,#5C9995,117,13 CNU-HYa Glut,#90E0EF
CS20230722_SUBC_118,118 ADP-MPO Trp73 Glut,CCN20230722_SUBC,CS20230722_CLAS_13,CCN20230722_CLAS,2,117,subclass,#00CC6A,118,13 CNU-HYa Glut,#90E0EF
CS20230722_SUBC_119,119 SI-MA-LPO-LHA Skor1 Glut,CCN20230722_SUBC,CS20230722_CLAS_13,CCN20230722_CLAS,2,118,subclass,#352E66,119,13 CNU-HYa Glut,#90E0EF
CS20230722_SUBC_120,120 MEA Otp Foxp2 Glut,CCN20230722_SUBC,CS20230722_CLAS_13,CCN20230722_CLAS,2,119,subclass,#894599,120,13 CNU-HYa Glut,#90E0EF
CS20230722_SUBC_121,121 MEA-BST Otp Zic2 Glut,CCN20230722_SUBC,CS20230722_CLAS_13,CCN20230722_CLAS,2,120,subclass,#6100CC,121,13 CNU-HYa Glut,#90E0EF
CS20230722_SUBC_122,122 LHA-MEA Otp Glut,CCN20230722_SUBC,CS20230722_CLAS_13,CCN20230722_CLAS,2,121,subclass,#1FCCCA,122,13 CNU-HYa Glut,#90E0EF
CS20230722_SUBC_123,123 DMH Nkx2-4 Glut,CCN20230722_SUBC,CS20230722_CLAS_14,CCN20230722_CLAS,2,122,subclass,#FF73C8,123,14 HY Glut,#AA0DFE
CS20230722_SUBC_124,124 MPN-MPO-PVpo Hmx2 Glut,CCN20230722_SUBC,CS20230722_CLAS_14,CCN20230722_CLAS,2,123,subclass,#CC1F92,124,14 HY Glut,#AA0DFE
CS20230722_SUBC_125,125 DMH Hmx2 Glut,CCN20230722_SUBC,CS20230722_CLAS_14,CCN20230722_CLAS,2,124,subclass,#2F6600,125,14 HY Glut,#AA0DFE
CS20230722_SUBC_126,126 ARH-PVp Tbx3 Glut,CCN20230722_SUBC,CS20230722_CLAS_14,CCN20230722_CLAS,2,125,subclass,#CC4B1F,126,14 HY Glut,#AA0DFE
CS20230722_SUBC_127,127 DMH-LHA Vgll2 Glut,CCN20230722_SUBC,CS20230722_CLAS_14,CCN20230722_CLAS,2,126,subclass,#391799,127,14 HY Glut,#AA0DFE
CS20230722_SUBC_128,128 VMH Fezf1 Glut,CCN20230722_SUBC,CS20230722_CLAS_14,CCN20230722_CLAS,2,127,subclass,#00CBFF,128,14 HY Glut,#AA0DFE
CS20230722_SUBC_129,129 VMH Nr5a1 Glut,CCN20230722_SUBC,CS20230722_CLAS_14,CCN20230722_CLAS,2,128,subclass,#5CCCB1,129,14 HY Glut,#AA0DFE
CS20230722_SUBC_130,130 LHA Pmch Glut,CCN20230722_SUBC,CS20230722_CLAS_14,CCN20230722_CLAS,2,129,subclass,#B100CC,130,14 HY Glut,#AA0DFE
CS20230722_SUBC_131,131 LHA-AHN-PVH Otp Trh Glut,CCN20230722_SUBC,CS20230722_CLAS_14,CCN20230722_CLAS,2,130,subclass,#7ABACC,131,14 HY Glut,#AA0DFE
CS20230722_SUBC_132,132 AHN-RCH-LHA Otp Fezf1 Glut,CCN20230722_SUBC,CS20230722_CLAS_14,CCN20230722_CLAS,2,131,subclass,#2E9957,132,14 HY Glut,#AA0DFE
CS20230722_SUBC_133,133 PVH-SO-PVa Otp Glut,CCN20230722_SUBC,CS20230722_CLAS_14,CCN20230722_CLAS,2,132,subclass,#603DCC,133,14 HY Glut,#AA0DFE
CS20230722_SUBC_134,134 PH-ant-LHA Otp Bsx Glut,CCN20230722_SUBC,CS20230722_CLAS_14,CCN20230722_CLAS,2,133,subclass,#660010,134,14 HY Glut,#AA0DFE
CS20230722_SUBC_135,135 STN-PSTN Pitx2 Glut,CCN20230722_SUBC,CS20230722_CLAS_14,CCN20230722_CLAS,2,134,subclass,#CC0048,135,14 HY Glut,#AA0DFE
CS20230722_SUBC_136,136 PMv-TMv Pitx2 Glut,CCN20230722_SUBC,CS20230722_CLAS_14,CCN20230722_CLAS,2,135,subclass,#3D5566,136,14 HY Glut,#AA0DFE
CS20230722_SUBC_137,137 PH-an Pitx2 Glut,CCN20230722_SUBC,CS20230722_CLAS_14,CCN20230722_CLAS,2,136,subclass,#66441F,137,14 HY Glut,#AA0DFE
CS20230722_SUBC_138,138 PH Pitx2 Glut,CCN20230722_SUBC,CS20230722_CLAS_14,CCN20230722_CLAS,2,137,subclass,#5C6D99,138,14 HY Glut,#AA0DFE
CS20230722_SUBC_139,139 PH-LHA Foxb1 Glut,CCN20230722_SUBC,CS20230722_CLAS_14,CCN20230722_CLAS,2,138,subclass,#7C2E99,139,14 HY Glut,#AA0DFE
CS20230722_SUBC_140,140 PMd-LHA Foxb1 Glut,CCN20230722_SUBC,CS20230722_CLAS_14,CCN20230722_CLAS,2,139,subclass,#5C9965,140,14 HY Glut,#AA0DFE
CS20230722_SUBC_141,141 PH-SUM Foxa1 Glut,CCN20230722_SUBC,CS20230722_CLAS_14,CCN20230722_CLAS,2,140,subclass,#991793,141,14 HY Glut,#AA0DFE
CS20230722_SUBC_142,142 HY Gnrh1 Glut,CCN20230722_SUBC,CS20230722_CLAS_15,CCN20230722_CLAS,2,141,subclass,#7A9ACC,142,15 HY Gnrh1 Glut,#F28266
CS20230722_SUBC_143,143 MM-ant Foxb1 Glut,CCN20230722_SUBC,CS20230722_CLAS_16,CCN20230722_CLAS,2,142,subclass,#66662E,143,16 HY MM Glut,#01d669
CS20230722_SUBC_144,144 MM Foxb1 Glut,CCN20230722_SUBC,CS20230722_CLAS_16,CCN20230722_CLAS,2,143,subclass,#FF2677,144,16 HY MM Glut,#01d669
CS20230722_SUBC_145,145 MH Tac2 Glut,CCN20230722_SUBC,CS20230722_CLAS_17,CCN20230722_CLAS,2,144,subclass,#3D8ACC,145,17 MH-LH Glut,#FAA307
CS20230722_SUBC_146,146 LH Pou4f1 Sox1 Glut,CCN20230722_SUBC,CS20230722_CLAS_17,CCN20230722_CLAS,2,145,subclass,#CC7A9D,146,17 MH-LH Glut,#FAA307
CS20230722_SUBC_147,147 AD Serpinb7 Glut,CCN20230722_SUBC,CS20230722_CLAS_18,CCN20230722_CLAS,2,146,subclass,#FF7383,147,18 TH Glut,#0D47A1
CS20230722_SUBC_148,148 AV Col27a1 Glut,CCN20230722_SUBC,CS20230722_CLAS_18,CCN20230722_CLAS,2,147,subclass,#16f2f2,148,18 TH Glut,#0D47A1
CS20230722_SUBC_149,149 PVT-PT Ntrk1 Glut,CCN20230722_SUBC,CS20230722_CLAS_18,CCN20230722_CLAS,2,148,subclass,#5C8599,149,18 TH Glut,#0D47A1
CS20230722_SUBC_150,150 CM-IAD-CL-PCN Sema5b Glut,CCN20230722_SUBC,CS20230722_CLAS_18,CCN20230722_CLAS,2,149,subclass,#076600,150,18 TH Glut,#0D47A1
CS20230722_SUBC_151,151 TH Prkcd Grin2c Glut,CCN20230722_SUBC,CS20230722_CLAS_18,CCN20230722_CLAS,2,150,subclass,#68e497,151,18 TH Glut,#0D47A1
CS20230722_SUBC_152,152 RE-Xi Nox4 Glut,CCN20230722_SUBC,CS20230722_CLAS_18,CCN20230722_CLAS,2,151,subclass,#663D57,152,18 TH Glut,#0D47A1
CS20230722_SUBC_153,153 MG-POL-SGN Nts Glut,CCN20230722_SUBC,CS20230722_CLAS_18,CCN20230722_CLAS,2,152,subclass,#992E38,153,18 TH Glut,#0D47A1
CS20230722_SUBC_154,154 PF Fzd5 Glut,CCN20230722_SUBC,CS20230722_CLAS_18,CCN20230722_CLAS,2,153,subclass,#1C0099,154,18 TH Glut,#0D47A1
CS20230722_SUBC_155,155 PRC-PAG Pax6 Glut,CCN20230722_SUBC,CS20230722_CLAS_19,CCN20230722_CLAS,2,154,subclass,#3D6566,155,19 MB Glut,#007200
CS20230722_SUBC_156,156 MB-ant-ve Dmrta2 Glut,CCN20230722_SUBC,CS20230722_CLAS_19,CCN20230722_CLAS,2,155,subclass,#99862E,156,19 MB Glut,#007200
CS20230722_SUBC_157,157 RN Spp1 Glut,CCN20230722_SUBC,CS20230722_CLAS_19,CCN20230722_CLAS,2,156,subclass,#FF514D,157,19 MB Glut,#007200
CS20230722_SUBC_158,158 MRN-PAG Nkx6-1 Glut,CCN20230722_SUBC,CS20230722_CLAS_19,CCN20230722_CLAS,2,157,subclass,#B6FF4D,158,19 MB Glut,#007200
CS20230722_SUBC_159,159 IF-RL-CLI-PAG Foxa1 Glut,CCN20230722_SUBC,CS20230722_CLAS_19,CCN20230722_CLAS,2,158,subclass,#63FF26,159,19 MB Glut,#007200
CS20230722_SUBC_160,160 PAG-SC Neurod2 Meis2 Glut,CCN20230722_SUBC,CS20230722_CLAS_19,CCN20230722_CLAS,2,159,subclass,#2E7799,160,19 MB Glut,#007200
CS20230722_SUBC_161,161 PAG Pou4f3 Glut,CCN20230722_SUBC,CS20230722_CLAS_19,CCN20230722_CLAS,2,160,subclass,#CC3DA3,161,19 MB Glut,#007200
CS20230722_SUBC_162,162 CUN Evx2 Lhx2 Glut,CCN20230722_SUBC,CS20230722_CLAS_19,CCN20230722_CLAS,2,161,subclass,#CCC27A,162,19 MB Glut,#007200
CS20230722_SUBC_163,163 APN C1ql2 Glut,CCN20230722_SUBC,CS20230722_CLAS_19,CCN20230722_CLAS,2,162,subclass,#5C64CC,163,19 MB Glut,#007200
CS20230722_SUBC_164,164 APN C1ql4 Glut,CCN20230722_SUBC,CS20230722_CLAS_19,CCN20230722_CLAS,2,163,subclass,#1FCC4D,164,19 MB Glut,#007200
CS20230722_SUBC_165,165 PAG-MRN Pou3f1 Glut,CCN20230722_SUBC,CS20230722_CLAS_19,CCN20230722_CLAS,2,164,subclass,#FF9D26,165,19 MB Glut,#007200
CS20230722_SUBC_166,166 MRN Pou3f1 C1ql4 Glut,CCN20230722_SUBC,CS20230722_CLAS_19,CCN20230722_CLAS,2,165,subclass,#005C99,166,19 MB Glut,#007200
CS20230722_SUBC_167,167 PRC-PAG Tcf7l2 Irx2 Glut,CCN20230722_SUBC,CS20230722_CLAS_19,CCN20230722_CLAS,2,166,subclass,#889917,167,19 MB Glut,#007200
CS20230722_SUBC_168,168 SPA-SPFm-SPFp-POL-PIL-PoT Sp9 Glut,CCN20230722_SUBC,CS20230722_CLAS_19,CCN20230722_CLAS,2,167,subclass,#26FFFE,168,19 MB Glut,#007200
CS20230722_SUBC_169,169 PAG-SC Pou4f1 Zic1 Glut,CCN20230722_SUBC,CS20230722_CLAS_19,CCN20230722_CLAS,2,168,subclass,#311FCC,169,19 MB Glut,#007200
CS20230722_SUBC_170,170 PAG-MRN Tfap2b Glut,CCN20230722_SUBC,CS20230722_CLAS_19,CCN20230722_CLAS,2,169,subclass,#82995C,170,19 MB Glut,#007200
CS20230722_SUBC_171,171 PAG Pou4f1 Bnc2 Glut,CCN20230722_SUBC,CS20230722_CLAS_19,CCN20230722_CLAS,2,170,subclass,#997045,171,19 MB Glut,#007200
CS20230722_SUBC_172,172 PAG Pou4f1 Ebf2 Glut,CCN20230722_SUBC,CS20230722_CLAS_19,CCN20230722_CLAS,2,171,subclass,#F2FF73,172,19 MB Glut,#007200
CS20230722_SUBC_173,173 PAG Pou4f2 Glut,CCN20230722_SUBC,CS20230722_CLAS_19,CCN20230722_CLAS,2,172,subclass,#990027,173,19 MB Glut,#007200
CS20230722_SUBC_174,174 PAG Pou4f2 Mesi2 Glut,CCN20230722_SUBC,CS20230722_CLAS_19,CCN20230722_CLAS,2,173,subclass,#5FCC5C,174,19 MB Glut,#007200
CS20230722_SUBC_175,175 SC Bnc2 Glut,CCN20230722_SUBC,CS20230722_CLAS_19,CCN20230722_CLAS,2,174,subclass,#CC3D9D,175,19 MB Glut,#007200
CS20230722_SUBC_176,176 SCig Foxb1 Glut,CCN20230722_SUBC,CS20230722_CLAS_19,CCN20230722_CLAS,2,175,subclass,#47FF26,176,19 MB Glut,#007200
CS20230722_SUBC_177,177 SCig-an-PPT Foxb1 Glut,CCN20230722_SUBC,CS20230722_CLAS_19,CCN20230722_CLAS,2,176,subclass,#453D66,177,19 MB Glut,#007200
CS20230722_SUBC_178,178 SCig Foxb1 Otx2 Glut,CCN20230722_SUBC,CS20230722_CLAS_19,CCN20230722_CLAS,2,177,subclass,#5C73CC,178,19 MB Glut,#007200
CS20230722_SUBC_179,179 SCdg-PAG Tfap2b Glut,CCN20230722_SUBC,CS20230722_CLAS_19,CCN20230722_CLAS,2,178,subclass,#7ACCBE,179,19 MB Glut,#007200
CS20230722_SUBC_180,180 SCiw Pitx2 Glut,CCN20230722_SUBC,CS20230722_CLAS_19,CCN20230722_CLAS,2,179,subclass,#50662E,180,19 MB Glut,#007200
CS20230722_SUBC_181,181 IC Tfap2d Maf Glut,CCN20230722_SUBC,CS20230722_CLAS_19,CCN20230722_CLAS,2,180,subclass,#6C1799,181,19 MB Glut,#007200
CS20230722_SUBC_182,182 CUN-PPN Evx2 Meis2 Glut,CCN20230722_SUBC,CS20230722_CLAS_19,CCN20230722_CLAS,2,181,subclass,#CC7A7E,182,19 MB Glut,#007200
CS20230722_SUBC_183,183 PBG Mtnr1a Glut-Chol,CCN20230722_SUBC,CS20230722_CLAS_19,CCN20230722_CLAS,2,182,subclass,#00CC7F,183,19 MB Glut,#007200
CS20230722_SUBC_184,184 PAG Tcf24 Glut,CCN20230722_SUBC,CS20230722_CLAS_19,CCN20230722_CLAS,2,183,subclass,#ED0000,184,19 MB Glut,#007200
CS20230722_SUBC_185,185 SCig Tfap2b Chrnb3 Glut,CCN20230722_SUBC,CS20230722_CLAS_19,CCN20230722_CLAS,2,184,subclass,#002099,185,19 MB Glut,#007200
CS20230722_SUBC_186,186 SCop Pou4f2 Neurod2 Glut,CCN20230722_SUBC,CS20230722_CLAS_19,CCN20230722_CLAS,2,185,subclass,#FF73FF,186,19 MB Glut,#007200
CS20230722_SUBC_187,187 SCsg Pde5a Glut,CCN20230722_SUBC,CS20230722_CLAS_19,CCN20230722_CLAS,2,186,subclass,#B899FF,187,19 MB Glut,#007200
CS20230722_SUBC_188,188 SCop Sln Glut,CCN20230722_SUBC,CS20230722_CLAS_19,CCN20230722_CLAS,2,187,subclass,#73FF98,188,19 MB Glut,#007200
CS20230722_SUBC_189,189 PAG Ucn Glut,CCN20230722_SUBC,CS20230722_CLAS_19,CCN20230722_CLAS,2,188,subclass,#009923,189,19 MB Glut,#007200
CS20230722_SUBC_190,190 ND-INC Foxd2 Glut,CCN20230722_SUBC,CS20230722_CLAS_19,CCN20230722_CLAS,2,189,subclass,#997817,190,19 MB Glut,#007200
CS20230722_SUBC_191,191 PAG-MRN Rln3 Gaba,CCN20230722_SUBC,CS20230722_CLAS_20,CCN20230722_CLAS,2,190,subclass,#CC7400,191,20 MB GABA,#9EF01A
CS20230722_SUBC_192,192 PPN-CUN-PCG Otp En1 Gaba,CCN20230722_SUBC,CS20230722_CLAS_20,CCN20230722_CLAS,2,191,subclass,#DF99FF,192,20 MB GABA,#9EF01A
CS20230722_SUBC_193,193 MRN-PPN-CUN Pax8 Gaba,CCN20230722_SUBC,CS20230722_CLAS_20,CCN20230722_CLAS,2,192,subclass,#3DCC66,193,20 MB GABA,#9EF01A
CS20230722_SUBC_194,194 MRN-VTN-PPN Pax5 Cdh23 Gaba,CCN20230722_SUBC,CS20230722_CLAS_20,CCN20230722_CLAS,2,193,subclass,#82CC1F,194,20 MB GABA,#9EF01A
CS20230722_SUBC_195,195 SNr-VTA Pax5 Npas1 Gaba,CCN20230722_SUBC,CS20230722_CLAS_20,CCN20230722_CLAS,2,194,subclass,#2E8799,195,20 MB GABA,#9EF01A
CS20230722_SUBC_196,196 PAG-PPN Pax5 Sox21 Gaba,CCN20230722_SUBC,CS20230722_CLAS_20,CCN20230722_CLAS,2,195,subclass,#1D0066,196,20 MB GABA,#9EF01A
CS20230722_SUBC_197,197 SNr Six3 Gaba,CCN20230722_SUBC,CS20230722_CLAS_20,CCN20230722_CLAS,2,196,subclass,#7A5C99,197,20 MB GABA,#9EF01A
CS20230722_SUBC_198,198 IC Six3 En2 Gaba,CCN20230722_SUBC,CS20230722_CLAS_20,CCN20230722_CLAS,2,197,subclass,#C2FF26,198,20 MB GABA,#9EF01A
CS20230722_SUBC_199,199 PAG-MRN-RN Foxa2 Gaba,CCN20230722_SUBC,CS20230722_CLAS_20,CCN20230722_CLAS,2,198,subclass,#ab1dd6,199,20 MB GABA,#9EF01A
CS20230722_SUBC_200,200 PAG-ND-PCG Onecut1 Gaba,CCN20230722_SUBC,CS20230722_CLAS_20,CCN20230722_CLAS,2,199,subclass,#000799,200,20 MB GABA,#9EF01A
CS20230722_SUBC_201,201 PAG-RN Nkx2-2 Otx1 Gaba,CCN20230722_SUBC,CS20230722_CLAS_20,CCN20230722_CLAS,2,200,subclass,#7DFF4D,201,20 MB GABA,#9EF01A
CS20230722_SUBC_202,202 PRT Tcf7l2 Gaba,CCN20230722_SUBC,CS20230722_CLAS_20,CCN20230722_CLAS,2,201,subclass,#474599,202,20 MB GABA,#9EF01A
CS20230722_SUBC_203,203 LGv-SPFp-SPFm Nkx2-2 Tcf7l2 Gaba,CCN20230722_SUBC,CS20230722_CLAS_20,CCN20230722_CLAS,2,202,subclass,#FFC199,203,20 MB GABA,#9EF01A
CS20230722_SUBC_204,204 SC Otx2 Gcnt4 Gaba,CCN20230722_SUBC,CS20230722_CLAS_20,CCN20230722_CLAS,2,203,subclass,#99685C,204,20 MB GABA,#9EF01A
CS20230722_SUBC_205,205 SC-PAG Lef1 Emx2 Gaba,CCN20230722_SUBC,CS20230722_CLAS_20,CCN20230722_CLAS,2,204,subclass,#4D79FF,205,20 MB GABA,#9EF01A
CS20230722_SUBC_206,206 SCm-PAG Cdh23 Gaba,CCN20230722_SUBC,CS20230722_CLAS_20,CCN20230722_CLAS,2,205,subclass,#CC5C69,206,20 MB GABA,#9EF01A
CS20230722_SUBC_207,207 SCs Dmbx1 Gaba,CCN20230722_SUBC,CS20230722_CLAS_20,CCN20230722_CLAS,2,206,subclass,#4CCC3D,207,20 MB GABA,#9EF01A
CS20230722_SUBC_208,208 SC Lef1 Otx2 Gaba,CCN20230722_SUBC,CS20230722_CLAS_20,CCN20230722_CLAS,2,207,subclass,#994F45,208,20 MB GABA,#9EF01A
CS20230722_SUBC_209,209 SCs Pax7 Nfia Gaba,CCN20230722_SUBC,CS20230722_CLAS_20,CCN20230722_CLAS,2,208,subclass,#CC1F66,209,20 MB GABA,#9EF01A
CS20230722_SUBC_210,210 PRT Mecom Gaba,CCN20230722_SUBC,CS20230722_CLAS_20,CCN20230722_CLAS,2,209,subclass,#CC6B3D,210,20 MB GABA,#9EF01A
CS20230722_SUBC_211,211 SC Tnnt1 Gli3 Gaba,CCN20230722_SUBC,CS20230722_CLAS_20,CCN20230722_CLAS,2,210,subclass,#76CC5C,211,20 MB GABA,#9EF01A
CS20230722_SUBC_212,212 SCs Lef1 Gli3 Gaba,CCN20230722_SUBC,CS20230722_CLAS_20,CCN20230722_CLAS,2,211,subclass,#FFA300,212,20 MB GABA,#9EF01A
CS20230722_SUBC_213,213 SCsg Gabrr2 Gaba,CCN20230722_SUBC,CS20230722_CLAS_20,CCN20230722_CLAS,2,212,subclass,#0e0163,213,20 MB GABA,#9EF01A
CS20230722_SUBC_214,214 IPN Otp Crisp1 Gaba,CCN20230722_SUBC,CS20230722_CLAS_20,CCN20230722_CLAS,2,213,subclass,#BCCC3D,214,20 MB GABA,#9EF01A
CS20230722_SUBC_215,215 SNc-VTA-RAmb Foxa1 Dopa,CCN20230722_SUBC,CS20230722_CLAS_21,CCN20230722_CLAS,2,214,subclass,#992E62,215,21 MB Dopa,#38B000
CS20230722_SUBC_216,216 MB-MY Tph2 Glut-Sero,CCN20230722_SUBC,CS20230722_CLAS_22,CCN20230722_CLAS,2,215,subclass,#99FFE4,216,22 MB-HB Sero,#EC4067
CS20230722_SUBC_217,217 PB Lmx1a Glut,CCN20230722_SUBC,CS20230722_CLAS_23,CCN20230722_CLAS,2,216,subclass,#0F5666,217,23 P Glut,#6b5ca5
CS20230722_SUBC_218,218 PSV Lmx1a Trpv6 Glut,CCN20230722_SUBC,CS20230722_CLAS_23,CCN20230722_CLAS,2,217,subclass,#fc003f,218,23 P Glut,#6b5ca5
CS20230722_SUBC_219,219 PB-SUT Tlx3 Lhx2 Glut,CCN20230722_SUBC,CS20230722_CLAS_23,CCN20230722_CLAS,2,218,subclass,#4B2E66,219,23 P Glut,#6b5ca5
CS20230722_SUBC_220,220 PB Pax5 Glut,CCN20230722_SUBC,CS20230722_CLAS_23,CCN20230722_CLAS,2,219,subclass,#84FF73,220,23 P Glut,#6b5ca5
CS20230722_SUBC_221,221 LDT-PCG Vsx2 Lhx4 Glut,CCN20230722_SUBC,CS20230722_CLAS_23,CCN20230722_CLAS,2,220,subclass,#FF4DC7,221,23 P Glut,#6b5ca5
CS20230722_SUBC_222,222 PB Evx2 Glut,CCN20230722_SUBC,CS20230722_CLAS_23,CCN20230722_CLAS,2,221,subclass,#1F8ACC,222,23 P Glut,#6b5ca5
CS20230722_SUBC_223,223 B-PB Nr4a2 Glut,CCN20230722_SUBC,CS20230722_CLAS_23,CCN20230722_CLAS,2,222,subclass,#4ff7de,223,23 P Glut,#6b5ca5
CS20230722_SUBC_224,224 PCG-PRNr Vsx2 Nkx6-1 Glut,CCN20230722_SUBC,CS20230722_CLAS_23,CCN20230722_CLAS,2,223,subclass,#175B99,224,23 P Glut,#6b5ca5
CS20230722_SUBC_225,225 PRNc-NI-SG-RPO Vsx2 Nr4a2 Glut,CCN20230722_SUBC,CS20230722_CLAS_23,CCN20230722_CLAS,2,224,subclass,#559917,225,23 P Glut,#6b5ca5
CS20230722_SUBC_226,226 PRNc-PARN Tlx1 Glut,CCN20230722_SUBC,CS20230722_CLAS_23,CCN20230722_CLAS,2,225,subclass,#8C5CCC,226,23 P Glut,#6b5ca5
CS20230722_SUBC_227,227 PB-PSV Phox2b Glut,CCN20230722_SUBC,CS20230722_CLAS_23,CCN20230722_CLAS,2,226,subclass,#44FF26,227,23 P Glut,#6b5ca5
CS20230722_SUBC_228,228 PSV Pvalb Lhx2 Glut,CCN20230722_SUBC,CS20230722_CLAS_23,CCN20230722_CLAS,2,227,subclass,#3A662E,228,23 P Glut,#6b5ca5
CS20230722_SUBC_229,229 PB-NTS Phox2b Ebf3 Lmx1b Glut,CCN20230722_SUBC,CS20230722_CLAS_23,CCN20230722_CLAS,2,228,subclass,#AB5CCC,229,23 P Glut,#6b5ca5
CS20230722_SUBC_230,230 PRNr Otp Nfib Glut,CCN20230722_SUBC,CS20230722_CLAS_23,CCN20230722_CLAS,2,229,subclass,#3ECC1F,230,23 P Glut,#6b5ca5
CS20230722_SUBC_231,231 IPN-LDT Vsx2 Nkx6-1 Glut,CCN20230722_SUBC,CS20230722_CLAS_23,CCN20230722_CLAS,2,230,subclass,#994546,231,23 P Glut,#6b5ca5
CS20230722_SUBC_232,232 LDT Vsx2 Nkx6-1 Nfib Glut,CCN20230722_SUBC,CS20230722_CLAS_23,CCN20230722_CLAS,2,231,subclass,#45994B,232,23 P Glut,#6b5ca5
CS20230722_SUBC_233,233 NLL-SOC Spp1 Glut,CCN20230722_SUBC,CS20230722_CLAS_23,CCN20230722_CLAS,2,232,subclass,#CCFF4D,233,23 P Glut,#6b5ca5
CS20230722_SUBC_234,234 MEV Ppp1r1c Glut,CCN20230722_SUBC,CS20230722_CLAS_19,CCN20230722_CLAS,2,233,subclass,#0F6610,234,19 MB Glut,#007200
CS20230722_SUBC_235,235 PG-TRN-LRN Fat2 Glut,CCN20230722_SUBC,CS20230722_CLAS_23,CCN20230722_CLAS,2,234,subclass,#9B7ACC,235,23 P Glut,#6b5ca5
CS20230722_SUBC_236,236 IRN Vip Glut,CCN20230722_SUBC,CS20230722_CLAS_24,CCN20230722_CLAS,2,235,subclass,#66593D,236,24 MY Glut,#F0A0FF
CS20230722_SUBC_237,237 PRP-NI-PRNc-GRN Otp Glut,CCN20230722_SUBC,CS20230722_CLAS_24,CCN20230722_CLAS,2,236,subclass,#FF6426,237,24 MY Glut,#F0A0FF
CS20230722_SUBC_238,238 NTS Phox2b Glut,CCN20230722_SUBC,CS20230722_CLAS_24,CCN20230722_CLAS,2,237,subclass,#7ACC9F,238,24 MY Glut,#F0A0FF
CS20230722_SUBC_239,239 MARN-GRN Pyy Glut,CCN20230722_SUBC,CS20230722_CLAS_24,CCN20230722_CLAS,2,238,subclass,#458499,239,24 MY Glut,#F0A0FF
CS20230722_SUBC_240,240 MDRNv Lhx4 Qrfprl Glut,CCN20230722_SUBC,CS20230722_CLAS_24,CCN20230722_CLAS,2,239,subclass,#c10717,240,24 MY Glut,#F0A0FF
CS20230722_SUBC_241,241 NTS Mbnl3 Glut,CCN20230722_SUBC,CS20230722_CLAS_24,CCN20230722_CLAS,2,240,subclass,#e925ed,241,24 MY Glut,#F0A0FF
CS20230722_SUBC_242,242 PGRNd Dmbx1 Glut,CCN20230722_SUBC,CS20230722_CLAS_24,CCN20230722_CLAS,2,241,subclass,#996E45,242,24 MY Glut,#F0A0FF
CS20230722_SUBC_243,243 PGRN-PARN-MDRN Hoxb5 Glut,CCN20230722_SUBC,CS20230722_CLAS_24,CCN20230722_CLAS,2,242,subclass,#C6FF99,243,24 MY Glut,#F0A0FF
CS20230722_SUBC_244,244 MV-SPIV Slc6a2 Glut,CCN20230722_SUBC,CS20230722_CLAS_24,CCN20230722_CLAS,2,243,subclass,#99985C,244,24 MY Glut,#F0A0FF
CS20230722_SUBC_245,245 SPVI-SPVC Tlx3 Ebf3 Glut,CCN20230722_SUBC,CS20230722_CLAS_24,CCN20230722_CLAS,2,244,subclass,#84CC3D,245,24 MY Glut,#F0A0FF
CS20230722_SUBC_246,246 CU-ECU-SPVI Foxb1 Glut,CCN20230722_SUBC,CS20230722_CLAS_24,CCN20230722_CLAS,2,245,subclass,#5A1F66,246,24 MY Glut,#F0A0FF
CS20230722_SUBC_247,247 MV-SPIV Phox2b Ebf3 Lbx1 Glut,CCN20230722_SUBC,CS20230722_CLAS_24,CCN20230722_CLAS,2,246,subclass,#3DC2CC,247,24 MY Glut,#F0A0FF
CS20230722_SUBC_248,248 MV-SPIV Zic4 Neurod2 Glut,CCN20230722_SUBC,CS20230722_CLAS_24,CCN20230722_CLAS,2,247,subclass,#85CC00,248,24 MY Glut,#F0A0FF
CS20230722_SUBC_249,249 NTS Aldh1a2 Glut,CCN20230722_SUBC,CS20230722_CLAS_24,CCN20230722_CLAS,2,248,subclass,#f22693,249,24 MY Glut,#F0A0FF
CS20230722_SUBC_250,250 CBN Neurod2 Pvalb Glut,CCN20230722_SUBC,CS20230722_CLAS_24,CCN20230722_CLAS,2,249,subclass,#26FF93,250,24 MY Glut,#F0A0FF
CS20230722_SUBC_251,251 NTS Dbh Glut,CCN20230722_SUBC,CS20230722_CLAS_24,CCN20230722_CLAS,2,250,subclass,#221F66,251,24 MY Glut,#F0A0FF
CS20230722_SUBC_252,252 DMX VII Tbx20 Chol,CCN20230722_SUBC,CS20230722_CLAS_24,CCN20230722_CLAS,2,251,subclass,#566600,252,24 MY Glut,#F0A0FF
CS20230722_SUBC_253,253 IO Fgl2 Glut,CCN20230722_SUBC,CS20230722_CLAS_24,CCN20230722_CLAS,2,252,subclass,#99322E,253,24 MY Glut,#F0A0FF
CS20230722_SUBC_254,254 VCO Mafa Meis2 Glut,CCN20230722_SUBC,CS20230722_CLAS_24,CCN20230722_CLAS,2,253,subclass,#00CC7C,254,24 MY Glut,#F0A0FF
CS20230722_SUBC_255,255 SPVO Mafa Meis2 Glut,CCN20230722_SUBC,CS20230722_CLAS_24,CCN20230722_CLAS,2,254,subclass,#CC8E1F,255,24 MY Glut,#F0A0FF
CS20230722_SUBC_256,256 SPVC Mafa Glut,CCN20230722_SUBC,CS20230722_CLAS_24,CCN20230722_CLAS,2,255,subclass,#805CCC,256,24 MY Glut,#F0A0FF
CS20230722_SUBC_257,257 SPVC Ccdc172 Glut,CCN20230722_SUBC,CS20230722_CLAS_24,CCN20230722_CLAS,2,256,subclass,#580099,257,24 MY Glut,#F0A0FF
CS20230722_SUBC_258,258 SPVC Nmu Glut,CCN20230722_SUBC,CS20230722_CLAS_24,CCN20230722_CLAS,2,257,subclass,#99805C,258,24 MY Glut,#F0A0FF
CS20230722_SUBC_259,259 MDRNd Bves Glut,CCN20230722_SUBC,CS20230722_CLAS_24,CCN20230722_CLAS,2,258,subclass,#fc235d,259,24 MY Glut,#F0A0FF
CS20230722_SUBC_260,260 MDRNv Crp Glut,CCN20230722_SUBC,CS20230722_CLAS_24,CCN20230722_CLAS,2,259,subclass,#1FCC43,260,24 MY Glut,#F0A0FF
CS20230722_SUBC_261,261 HB Calcb Chol,CCN20230722_SUBC,CS20230722_CLAS_24,CCN20230722_CLAS,2,260,subclass,#EAFF4D,261,24 MY Glut,#F0A0FF
CS20230722_SUBC_262,262 Pineal Crx Glut,CCN20230722_SUBC,CS20230722_CLAS_25,CCN20230722_CLAS,2,261,subclass,#0F6654,262,25 Pineal Glut,#086375
CS20230722_SUBC_263,263 CS-RPO Meis2 Gaba,CCN20230722_SUBC,CS20230722_CLAS_26,CCN20230722_CLAS,2,262,subclass,#B6CC5C,263,26 P GABA,#72195a
CS20230722_SUBC_264,264 PRNc Otp Gly-Gaba,CCN20230722_SUBC,CS20230722_CLAS_26,CCN20230722_CLAS,2,263,subclass,#4DFFCD,264,26 P GABA,#72195a
CS20230722_SUBC_265,265 PB Sst Gly-Gaba,CCN20230722_SUBC,CS20230722_CLAS_26,CCN20230722_CLAS,2,264,subclass,#F44D00,265,26 P GABA,#72195a
CS20230722_SUBC_266,266 PRNc Prox1 Brs3 Gly-Gaba,CCN20230722_SUBC,CS20230722_CLAS_26,CCN20230722_CLAS,2,265,subclass,#58992E,266,26 P GABA,#72195a
CS20230722_SUBC_267,267 CS-PRNr-PCG Tmem163 Otp Gaba,CCN20230722_SUBC,CS20230722_CLAS_26,CCN20230722_CLAS,2,266,subclass,#3D6647,267,26 P GABA,#72195a
CS20230722_SUBC_268,268 CS-PRNr-DR En1 Sox2 Gaba,CCN20230722_SUBC,CS20230722_CLAS_26,CCN20230722_CLAS,2,267,subclass,#1F5366,268,26 P GABA,#72195a
CS20230722_SUBC_269,269 LDT Fgf7 Gaba,CCN20230722_SUBC,CS20230722_CLAS_26,CCN20230722_CLAS,2,268,subclass,#00CCBA,269,26 P GABA,#72195a
CS20230722_SUBC_270,270 LDT-DTN Gata3 Nfix Gaba,CCN20230722_SUBC,CS20230722_CLAS_26,CCN20230722_CLAS,2,269,subclass,#aae6ed,270,26 P GABA,#72195a
CS20230722_SUBC_271,271 NI-RPO Gata3 Nr4a2 Gaba,CCN20230722_SUBC,CS20230722_CLAS_26,CCN20230722_CLAS,2,270,subclass,#00CC4A,271,26 P GABA,#72195a
CS20230722_SUBC_272,272 LDT-PCG-CS Gata3 Lhx1 Gaba,CCN20230722_SUBC,CS20230722_CLAS_26,CCN20230722_CLAS,2,271,subclass,#630099,272,26 P GABA,#72195a
CS20230722_SUBC_273,273 PDTg-PCG Pax6 Gaba,CCN20230722_SUBC,CS20230722_CLAS_26,CCN20230722_CLAS,2,272,subclass,#991761,273,26 P GABA,#72195a
CS20230722_SUBC_274,274 PDTg Otp Shroom3 Gaba,CCN20230722_SUBC,CS20230722_CLAS_26,CCN20230722_CLAS,2,273,subclass,#5BFF00,274,26 P GABA,#72195a
CS20230722_SUBC_275,275 PDTg Otp Olig3 Gaba,CCN20230722_SUBC,CS20230722_CLAS_26,CCN20230722_CLAS,2,274,subclass,#0F1266,275,26 P GABA,#72195a
CS20230722_SUBC_276,276 LDT-PCG St18 Gaba,CCN20230722_SUBC,CS20230722_CLAS_26,CCN20230722_CLAS,2,275,subclass,#456499,276,26 P GABA,#72195a
CS20230722_SUBC_277,277 DTN-LDT-IPN Otp Pax3 Gaba,CCN20230722_SUBC,CS20230722_CLAS_26,CCN20230722_CLAS,2,276,subclass,#1F3766,277,26 P GABA,#72195a
CS20230722_SUBC_278,278 NLL Gata3 Gly-Gaba,CCN20230722_SUBC,CS20230722_CLAS_26,CCN20230722_CLAS,2,277,subclass,#E57300,278,26 P GABA,#72195a
CS20230722_SUBC_279,279 PSV Pax2 Gly-Gaba,CCN20230722_SUBC,CS20230722_CLAS_26,CCN20230722_CLAS,2,278,subclass,#d2b8f2,279,26 P GABA,#72195a
CS20230722_SUBC_280,280 NLL-po Pax7 Gaba,CCN20230722_SUBC,CS20230722_CLAS_26,CCN20230722_CLAS,2,279,subclass,#000999,280,26 P GABA,#72195a
CS20230722_SUBC_281,281 POR Gata3 Gly-Gaba,CCN20230722_SUBC,CS20230722_CLAS_26,CCN20230722_CLAS,2,280,subclass,#00CC1B,281,26 P GABA,#72195a
CS20230722_SUBC_282,282 POR Spp1 Gly-Gaba,CCN20230722_SUBC,CS20230722_CLAS_26,CCN20230722_CLAS,2,281,subclass,#35CC00,282,26 P GABA,#72195a
CS20230722_SUBC_283,283 PRP Otp Gly-Gaba,CCN20230722_SUBC,CS20230722_CLAS_27,CCN20230722_CLAS,2,282,subclass,#995C2E,283,27 MY GABA,#0096C7
CS20230722_SUBC_284,284 GRN-IRN-MDRNd Ikzf1 Gly-Gaba,CCN20230722_SUBC,CS20230722_CLAS_27,CCN20230722_CLAS,2,283,subclass,#659900,284,27 MY GABA,#0096C7
CS20230722_SUBC_285,285 MY Lhx1 Gly-Gaba,CCN20230722_SUBC,CS20230722_CLAS_27,CCN20230722_CLAS,2,284,subclass,#f20985,285,27 MY GABA,#0096C7
CS20230722_SUBC_286,286 PPY-PGRNl Vip Glyc-Gaba,CCN20230722_SUBC,CS20230722_CLAS_27,CCN20230722_CLAS,2,285,subclass,#CC5C81,286,27 MY GABA,#0096C7
CS20230722_SUBC_287,287 MV-SPIV-PRP Dmbx1 Gly-Gaba,CCN20230722_SUBC,CS20230722_CLAS_27,CCN20230722_CLAS,2,286,subclass,#4DBEFF,287,27 MY GABA,#0096C7
CS20230722_SUBC_288,288 MDRN Hoxb5 Ebf2 Gly-Gaba,CCN20230722_SUBC,CS20230722_CLAS_27,CCN20230722_CLAS,2,287,subclass,#660038,288,27 MY GABA,#0096C7
CS20230722_SUBC_289,289 MDRNd Prox1 Pax6 Gly-Gaba,CCN20230722_SUBC,CS20230722_CLAS_27,CCN20230722_CLAS,2,288,subclass,#4e5b48,289,27 MY GABA,#0096C7
CS20230722_SUBC_290,290 MY Prox1 Lmo7 Gly-Gaba,CCN20230722_SUBC,CS20230722_CLAS_27,CCN20230722_CLAS,2,289,subclass,#6ff754,290,27 MY GABA,#0096C7
CS20230722_SUBC_291,291 NTS-MDRNd Prox1 Zic1 Gly-Gaba,CCN20230722_SUBC,CS20230722_CLAS_27,CCN20230722_CLAS,2,290,subclass,#990004,291,27 MY GABA,#0096C7
CS20230722_SUBC_292,292 MV Nkx6-1 Gly-Gaba,CCN20230722_SUBC,CS20230722_CLAS_27,CCN20230722_CLAS,2,291,subclass,#CC3D91,292,27 MY GABA,#0096C7
CS20230722_SUBC_293,293 PAS-MV Ebf2 Gly-Gaba,CCN20230722_SUBC,CS20230722_CLAS_27,CCN20230722_CLAS,2,292,subclass,#2E3399,293,27 MY GABA,#0096C7
CS20230722_SUBC_294,294 MV Pax6 Gly-Gaba,CCN20230722_SUBC,CS20230722_CLAS_27,CCN20230722_CLAS,2,293,subclass,#66502E,294,27 MY GABA,#0096C7
CS20230722_SUBC_295,295 CBN Dmbx1 Gaba,CCN20230722_SUBC,CS20230722_CLAS_27,CCN20230722_CLAS,2,294,subclass,#00FF6C,295,27 MY GABA,#0096C7
CS20230722_SUBC_296,296 RPA Pax6 Hoxb5 Gly-Gaba,CCN20230722_SUBC,CS20230722_CLAS_27,CCN20230722_CLAS,2,295,subclass,#3426FF,296,27 MY GABA,#0096C7
CS20230722_SUBC_297,297 CU-ECU Pax2 Gly-Gaba,CCN20230722_SUBC,CS20230722_CLAS_27,CCN20230722_CLAS,2,296,subclass,#2E6799,297,27 MY GABA,#0096C7
CS20230722_SUBC_298,298 PRP Gata3 Slc6a5 Gly-Gaba,CCN20230722_SUBC,CS20230722_CLAS_27,CCN20230722_CLAS,2,297,subclass,#00FF08,298,27 MY GABA,#0096C7
CS20230722_SUBC_299,299 MARN-PPY Ngfr Gly-Gaba,CCN20230722_SUBC,CS20230722_CLAS_27,CCN20230722_CLAS,2,298,subclass,#CC8A5C,299,27 MY GABA,#0096C7
CS20230722_SUBC_300,300 PARN-MDRNd-NTS Gbx2 Gly-Gaba,CCN20230722_SUBC,CS20230722_CLAS_27,CCN20230722_CLAS,2,299,subclass,#CC3D70,300,27 MY GABA,#0096C7
CS20230722_SUBC_301,301 MV Nr4a2 Gly-Gaba,CCN20230722_SUBC,CS20230722_CLAS_27,CCN20230722_CLAS,2,300,subclass,#efda4f,301,27 MY GABA,#0096C7
CS20230722_SUBC_302,302 MV Xdh Gly-Gaba,CCN20230722_SUBC,CS20230722_CLAS_27,CCN20230722_CLAS,2,301,subclass,#72FF00,302,27 MY GABA,#0096C7
CS20230722_SUBC_303,303 IRN Dmbx1 Pax2 Gly-Gaba,CCN20230722_SUBC,CS20230722_CLAS_27,CCN20230722_CLAS,2,302,subclass,#5C997D,303,27 MY GABA,#0096C7
CS20230722_SUBC_304,304 NTS-PARN Neurod2 Gly-Gaba,CCN20230722_SUBC,CS20230722_CLAS_27,CCN20230722_CLAS,2,303,subclass,#FF1400,304,27 MY GABA,#0096C7
CS20230722_SUBC_305,305 SPVI-SPVC Sall3 Nfib Gly-Gaba,CCN20230722_SUBC,CS20230722_CLAS_27,CCN20230722_CLAS,2,304,subclass,#66140F,305,27 MY GABA,#0096C7
CS20230722_SUBC_306,306 SPVI-SPVC Sall3 Lhx1 Gly-Gaba,CCN20230722_SUBC,CS20230722_CLAS_27,CCN20230722_CLAS,2,305,subclass,#FF73EA,306,27 MY GABA,#0096C7
CS20230722_SUBC_307,307 RO-RPA Pkd2l1 Gaba,CCN20230722_SUBC,CS20230722_CLAS_27,CCN20230722_CLAS,2,306,subclass,#26FFE8,307,27 MY GABA,#0096C7
CS20230722_SUBC_308,308 DCO Il22 Gly-Gaba,CCN20230722_SUBC,CS20230722_CLAS_28,CCN20230722_CLAS,2,307,subclass,#994517,308,28 CB GABA,#FFFB46
CS20230722_SUBC_309,309 CB PLI Gly-Gaba,CCN20230722_SUBC,CS20230722_CLAS_28,CCN20230722_CLAS,2,308,subclass,#009899,309,28 CB GABA,#FFFB46
CS20230722_SUBC_310,310 CBX Golgi Gly-Gaba,CCN20230722_SUBC,CS20230722_CLAS_28,CCN20230722_CLAS,2,309,subclass,#003366,310,28 CB GABA,#FFFB46
CS20230722_SUBC_311,311 CBX MLI Megf11 Gaba,CCN20230722_SUBC,CS20230722_CLAS_28,CCN20230722_CLAS,2,310,subclass,#8BCC5C,311,28 CB GABA,#FFFB46
CS20230722_SUBC_312,312 CBX MLI Cdh22 Gaba,CCN20230722_SUBC,CS20230722_CLAS_28,CCN20230722_CLAS,2,311,subclass,#45996C,312,28 CB GABA,#FFFB46
CS20230722_SUBC_313,313 CBX Purkinje Gaba,CCN20230722_SUBC,CS20230722_CLAS_28,CCN20230722_CLAS,2,312,subclass,#511799,313,28 CB GABA,#FFFB46
CS20230722_SUBC_314,314 CB Granule Glut,CCN20230722_SUBC,CS20230722_CLAS_29,CCN20230722_CLAS,2,313,subclass,#FF4826,314,29 CB Glut,#9D0208
CS20230722_SUBC_315,315 DCO UBC Glut,CCN20230722_SUBC,CS20230722_CLAS_29,CCN20230722_CLAS,2,314,subclass,#1FCC87,315,29 CB Glut,#9D0208
CS20230722_SUBC_316,316 Bergmann NN,CCN20230722_SUBC,CS20230722_CLAS_30,CCN20230722_CLAS,2,315,subclass,#8E2600,316,30 Astro-Epen,#594a26
CS20230722_SUBC_317,317 Astro-CB NN,CCN20230722_SUBC,CS20230722_CLAS_30,CCN20230722_CLAS,2,316,subclass,#CC4E00,317,30 Astro-Epen,#594a26
CS20230722_SUBC_318,318 Astro-NT NN,CCN20230722_SUBC,CS20230722_CLAS_30,CCN20230722_CLAS,2,317,subclass,#AD5CCC,318,30 Astro-Epen,#594a26
CS20230722_SUBC_319,319 Astro-TE NN,CCN20230722_SUBC,CS20230722_CLAS_30,CCN20230722_CLAS,2,318,subclass,#3DCCB1,319,30 Astro-Epen,#594a26
CS20230722_SUBC_320,320 Astro-OLF NN,CCN20230722_SUBC,CS20230722_CLAS_30,CCN20230722_CLAS,2,319,subclass,#FF73CF,320,30 Astro-Epen,#594a26
CS20230722_SUBC_321,321 Astroependymal NN,CCN20230722_SUBC,CS20230722_CLAS_30,CCN20230722_CLAS,2,320,subclass,#0833ce,321,30 Astro-Epen,#594a26
CS20230722_SUBC_322,322 Tanycyte NN,CCN20230722_SUBC,CS20230722_CLAS_30,CCN20230722_CLAS,2,321,subclass,#FF26A1,322,30 Astro-Epen,#594a26
CS20230722_SUBC_323,323 Ependymal NN,CCN20230722_SUBC,CS20230722_CLAS_30,CCN20230722_CLAS,2,322,subclass,#D8FF00,323,30 Astro-Epen,#594a26
CS20230722_SUBC_324,324 Hypendymal NN,CCN20230722_SUBC,CS20230722_CLAS_30,CCN20230722_CLAS,2,323,subclass,#3F2E99,324,30 Astro-Epen,#594a26
CS20230722_SUBC_325,325 CHOR NN,CCN20230722_SUBC,CS20230722_CLAS_30,CCN20230722_CLAS,2,324,subclass,#2D9917,325,30 Astro-Epen,#594a26
CS20230722_SUBC_326,326 OPC NN,CCN20230722_SUBC,CS20230722_CLAS_31,CCN20230722_CLAS,2,325,subclass,#FF26CB,326,31 OPC-Oligo,#03045E
CS20230722_SUBC_327,327 Oligo NN,CCN20230722_SUBC,CS20230722_CLAS_31,CCN20230722_CLAS,2,326,subclass,#99FFBC,327,31 OPC-Oligo,#03045E
CS20230722_SUBC_328,328 OEC NN,CCN20230722_SUBC,CS20230722_CLAS_32,CCN20230722_CLAS,2,327,subclass,#FF99CF,328,32 OEC,#996B2E
CS20230722_SUBC_329,329 ABC NN,CCN20230722_SUBC,CS20230722_CLAS_33,CCN20230722_CLAS,2,328,subclass,#CC5CC1,329,33 Vascular,#858881
CS20230722_SUBC_330,330 VLMC NN,CCN20230722_SUBC,CS20230722_CLAS_33,CCN20230722_CLAS,2,329,subclass,#653D66,330,33 Vascular,#858881
CS20230722_SUBC_331,331 Peri NN,CCN20230722_SUBC,CS20230722_CLAS_33,CCN20230722_CLAS,2,330,subclass,#82992E,331,33 Vascular,#858881
CS20230722_SUBC_332,332 SMC NN,CCN20230722_SUBC,CS20230722_CLAS_33,CCN20230722_CLAS,2,331,subclass,#FF9F73,332,33 Vascular,#858881
CS20230722_SUBC_333,333 Endo NN,CCN20230722_SUBC,CS20230722_CLAS_33,CCN20230722_CLAS,2,332,subclass,#994567,333,33 Vascular,#858881
CS20230722_SUBC_334,334 Microglia NN,CCN20230722_SUBC,CS20230722_CLAS_34,CCN20230722_CLAS,2,333,subclass,#CC1F4E,334,34 Immune,#825f45
CS20230722_SUBC_335,335 BAM NN,CCN20230722_SUBC,CS20230722_CLAS_34,CCN20230722_CLAS,2,334,subclass,#66493D,335,34 Immune,#825f45
CS20230722_SUBC_336,336 Monocytes NN,CCN20230722_SUBC,CS20230722_CLAS_34,CCN20230722_CLAS,2,335,subclass,#A673FF,336,34 Immune,#825f45
CS20230722_SUBC_337,337 DC NN,CCN20230722_SUBC,CS20230722_CLAS_34,CCN20230722_CLAS,2,336,subclass,#CCA27A,337,34 Immune,#825f45
CS20230722_SUBC_338,338 Lymphoid NN,CCN20230722_SUBC,CS20230722_CLAS_34,CCN20230722_CLAS,2,337,subclass,#3D5766,338,34 Immune,#825f45
